{
  "project_info": {
    "project_number": "1042442291637",
    "project_id": "smart-503da",
    "storage_bucket": "smart-503da.appspot.com"
  },
  "client": [
    {
      "client_info": {
        "mobilesdk_app_id": "1:1042442291637:android:8c5ea3e5191ae73ee271fc",
        "android_client_info": {
          "package_name": "com.lokavida.firestoreexample"
        }
      },
      "oauth_client": [
        {
          "client_id": "1042442291637-ko6onnbbivfokr9lkbaovv09t7fvuksj.apps.googleusercontent.com",
          "client_type": 1,
          "android_info": {
            "package_name": "com.lokavida.firestoreexample",
            "certificate_hash": "da153131862a922d5df988035b42f44f1611e297"
          }
        },
        {
          "client_id": "1042442291637-322ti1tm8r2frn7mhnbfuh31bbncdvhn.apps.googleusercontent.com",
          "client_type": 3
        }
      ],
      "api_key": [
        {
          "current_key": "AIzaSyBUFri9ojnVPH3uVtQkVwNsg0YlOwE5Wig"
        }
      ],
      "services": {
        "appinvite_service": {
          "other_platform_oauth_client": [
            {
              "client_id": "1042442291637-322ti1tm8r2frn7mhnbfuh31bbncdvhn.apps.googleusercontent.com",
              "client_type": 3
            }
          ]
        }
      }
    }
  ],
  "configuration_version": "1"
}